"","관리기관명","소재지도로명주소","설치목적구분","카메라대수","우편번호","행정동명"
"1","관악구청","쑥고개로2라길","다목적",1,"08829","서림동"
"2","관악구청","쑥고개로2라길","다목적",1,"08829","서림동"
"3","관악구청","관악로6길","다목적",1,"08791","낙성대동"
"4","관악구청","관악로6길","다목적",1,"08791","낙성대동"
"5","관악구청","신림로31가길","다목적",1,"08845","서림동"
"6","관악구청","남부순환로200다길","다목적",1,"08780","서원동"
"7","관악구청","낙성대역8길","다목적",1,"08799","인헌동"
"8","관악구청","서림3길","다목적",1,"08840","서림동"
"9","관악구청","서림3길","다목적",1,"08840","서림동"
"10","관악구청","광신길","다목적",1,"08848","삼성동"
"11","관악구청","광신길","다목적",1,"08848","삼성동"
"12","관악구청","난우10가길","다목적",1,"08850","미성동"
"13","관악구청","난우10가길","다목적",1,"08850","미성동"
"14","관악구청","신림로70길","다목적",1,"08755","신림동"
"15","관악구청","승방3나길","다목적",1,"08808","남현동"
"16","관악구청","승방3나길","다목적",1,"08808","남현동"
"17","관악구청","양녕로6다길","다목적",1,"08746","중앙동"
"18","관악구청","양녕로6다길","다목적",1,"08746","중앙동"
"19","관악구청","인헌3가길","다목적",1,"08795","인헌동"
"20","관악구청","청룡12길","다목적",1,"08831","청룡동"
"21","관악구청","법원단지길","다목적",1,"08850","미성동"
"22","관악구청","법원단지길","다목적",1,"08850","미성동"
"23","관악구청","국회단지19길","다목적",1,"08713","은천동"
"24","관악구청","국회단지19길","다목적",1,"08713","은천동"
"25","관악구청","남부순환로246라길","다목적",1,"08793","인헌동"
"26","관악구청","남부순환로246라길","다목적",1,"08793","인헌동"
"27","관악구청","남현길","다목적",1,"08806","남현동"
"28","관악구청","남현길","다목적",1,"08806","남현동"
"29","관악구청","남현길","다목적",1,"08806","남현동"
"30","관악구청","관천로22길","다목적",1,"08706","신림동"
"31","관악구청","관천로22길","다목적",1,"08706","신림동"
"32","관악구청","낙성대역14가길","다목적",1,"08797","인헌동"
"33","관악구청","낙성대역8길","다목적",1,"08799","인헌동"
"34","관악구청","남부순환로163가길","다목적",1,"08763","신사동"
"35","관악구청","남부순환로163가길","다목적",1,"08763","신사동"
"36","관악구청","난곡로26길","다목적",1,"08846","삼성동"
"37","관악구청","관악로15길","다목적",1,"08787","청룡동"
"38","관악구청","장군봉7길","다목적",1,"08784","청룡동"
"39","관악구청","서원3길","다목적",1,"08844","서원동"
"40","관악구청","청룡동","다목적",1,NA,"청룡동"
"41","관악구청","청룡동","다목적",1,NA,"청룡동"
"42","관악구청","행운4길","다목적",1,"08741","행운동"
"43","관악구청","행운4길","다목적",1,"08741","행운동"
"44","관악구청","미성8길","다목적",1,"08866","미성동"
"45","관악구청","봉천로21길","다목적",1,"08719","보라매동"
"46","관악구청","국회단지10길","다목적",1,"08714","은천동"
"47","관악구청","난곡로43길","다목적",1,"08864","미성동"
"48","관악구청","관악산공원돌산화장실앞","다목적",1,NA,NA
"49","관악구청","관악산공원호수공원01","다목적",1,NA,NA
"50","관악구청","관악산공원호수공원02","다목적",1,NA,NA
"51","관악구청","대학동","다목적",1,NA,"대학동"
"52","관악구청","대학길","다목적",1,"08818","대학동"
"53","관악구청","대학길","다목적",1,"08818","대학동"
"54","관악구청","난곡로11길","다목적",1,"08859","난향동"
"55","관악구청","난곡로11길","다목적",1,"08859","난향동"
"56","관악구청","법원단지5나길","다목적",1,"08851","미성동"
"57","관악구청","법원단지5나길","다목적",1,"08851","미성동"
"58","관악구청","미성동","다목적",1,NA,"미성동"
"59","관악구청","미성동","다목적",1,NA,"미성동"
"60","관악구청","난곡로26길","다목적",1,"08846","삼성동"
"61","관악구청","난곡로26길","다목적",1,"08846","삼성동"
"62","관악구청","인헌길","다목적",1,"08793","인헌동"
"63","관악구청","삼성동","다목적",1,NA,"삼성동"
"64","관악구청","보라매동","다목적",1,NA,"보라매동"
"65","관악구청","보라매동","다목적",1,NA,"보라매동"
"66","관악구청","보라매동","다목적",1,NA,"보라매동"
"67","관악구청","봉천로41길","다목적",1,"08748","중앙동"
"68","관악구청","봉천로41길","다목적",1,"08748","중앙동"
"69","관악구청","대학동","다목적",1,NA,"대학동"
"70","관악구청","대학동","다목적",1,NA,"대학동"
"71","관악구청","대학동","다목적",1,NA,"대학동"
"72","관악구청","대학동","다목적",1,NA,"대학동"
"73","관악구청","대학동","다목적",2,NA,"대학동"
"74","관악구청","대학동","다목적",1,NA,"대학동"
"75","관악구청","청룡동","다목적",1,NA,"청룡동"
"76","관악구청","청룡동","다목적",1,NA,"청룡동"
"77","관악구청","청룡동","다목적",1,NA,"청룡동"
"78","관악구청","양산길","다목적",1,"08846","서림동"
"79","관악구청","승방1길","다목적",1,"08808","남현동"
"80","관악구청","봉천로33가길","다목적",1,"08752","은천동"
"81","관악구청","당곡2길","다목적",1,"08711","보라매동"
"82","관악구청","법원단지18길","다목적",1,"08853","난곡동"
"83","관악구청","난곡동","다목적",1,NA,"난곡동"
"84","관악구청","남현동","다목적",1,NA,"남현동"
"85","관악구청","대학동","다목적",1,NA,"대학동"
"86","관악구청","미성동","다목적",1,NA,"미성동"
"87","관악구청","미성동","다목적",1,NA,"미성동"
"88","관악구청","미성동","다목적",1,NA,"미성동"
"89","관악구청","보라매동","다목적",1,NA,"보라매동"
"90","관악구청","은천동","다목적",1,NA,"은천동"
"91","관악구청","성현동","다목적",1,NA,"성현동"
"92","관악구청","청룡동","다목적",1,NA,"청룡동"
"93","관악구청","청룡동","다목적",1,NA,"청룡동"
"94","관악구청","청룡동","다목적",1,NA,"청룡동"
"95","관악구청","청룡산산175-27청룡산공원운동","다목적",1,NA,"청룡산산175-27청룡산공원운동"
"96","관악구청","남부순환로251길","다목적",1,"08802","행운동"
"97","관악구청","남부순환로251길","다목적",1,"08802","행운동"
"98","관악구청","남현길","다목적",1,"08806","남현동"
"99","관악구청","신림로23관악산공원주차장","다목적",1,NA,NA
"100","관악구청","국회단지길","다목적",1,"08714","은천동"
"101","관악구청","국회단지길","다목적",1,"08714","은천동"
"102","관악구청","국회단지22길","다목적",1,"08714","은천동"
"103","관악구청","국회단지22길","다목적",1,"08714","은천동"
"104","관악구청","조원로16가길","다목적",1,"08767","조원동"
"105","관악구청","조원로16가길","다목적",1,"08767","조원동"
"106","관악구청","미성10길","다목적",1,"08866","미성동"
"107","관악구청","난향길","다목적",1,"08859","난향동"
"108","관악구청","난향길","다목적",1,"08859","난향동"
"109","관악구청","남부순환로168길","다목적",1,"08774","신원동"
"110","관악구청","호암로22길","다목적",1,"08819","대학동"
"111","관악구청","낙성대로77낙성대공원관리사무소","다목적",16,NA,NA
"112","관악구청","연주대,삼성동","다목적",1,NA,"연주대,삼성동"
"113","관악구청","모자봉,대학동","다목적",1,NA,"모자봉,대학동"
"114","관악구청","삼성산,삼성동","다목적",1,NA,"삼성산,삼성동"
"115","관악구청","서울대,대학동","다목적",1,NA,"서울대,대학동"
"116","관악구청","쑥고개로3길","다목적",1,"08783","서원동"
"117","관악구청","성현동","다목적",1,NA,"성현동"
"118","관악구청","봉천로19길","다목적",1,"08720","보라매동"
"119","관악구청","대학동","다목적",1,NA,"대학동"
"120","관악구청","문성로16길","다목적",1,"08864","미성동"
"121","관악구청","청룡동","다목적",1,NA,"청룡동"
"122","관악구청","낙성대역3길","다목적",1,"08793","인헌동"
"123","관악구청","난곡동","다목적",1,NA,"난곡동"
"124","관악구청","미성동","다목적",1,NA,"미성동"
"125","관악구청","신림로3가길","다목적",1,"08814","대학동"
"126","관악구청","신림로3가길","다목적",1,"08814","대학동"
"127","관악구청","대학동","다목적",1,NA,"대학동"
"128","관악구청","대학동","다목적",1,NA,"대학동"
"129","관악구청","문성로120-5문성어린이공원1","다목적",1,NA,NA
"130","관악구청","난우12길","다목적",1,"08850","미성동"
"131","관악구청","난우10가길","다목적",1,"08850","미성동"
"132","관악구청","조원동","다목적",1,NA,"조원동"
"133","관악구청","행운동","다목적",1,NA,"행운동"
"134","관악구청","은천동","다목적",1,NA,"은천동"
"135","관악구청","삼성동","다목적",1,NA,"삼성동"
"136","관악구청","미성동","다목적",1,NA,"미성동"
"137","관악구청","미성동","다목적",1,NA,"미성동"
"138","관악구청","낙성대동","다목적",1,NA,"낙성대동"
"139","관악구청","대학동","다목적",1,NA,"대학동"
"140","관악구청","난향동","다목적",1,NA,"난향동"
"141","관악구청","삼성동","다목적",1,NA,"삼성동"
"142","관악구청","관악로14가길","다목적",1,"08789","낙성대동"
"143","관악구청","관악로14가길","다목적",1,"08789","낙성대동"
"144","관악구청","미성동","다목적",1,NA,"미성동"
"145","관악구청","난향동","다목적",1,NA,"난향동"
"146","관악구청","난향동","다목적",1,NA,"난향동"
"147","관악구청","낙성대동","다목적",1,NA,"낙성대동"
"148","관악구청","낙성대동","다목적",1,NA,"낙성대동"
"149","관악구청","봉천로23바길","다목적",1,"08718","보라매동"
"150","관악구청","호암로20길","다목적",1,"08820","대학동"
"151","관악구청","호암로20길","다목적",1,"08820","대학동"
"152","관악구청","쑥고개로26길","다목적",1,"08832","청룡동"
"153","관악구청","난곡로661-62","다목적",1,NA,NA
"154","관악구청","남부순환로260길","다목적",1,"08803","남현동"
"155","관악구청","남부순환로55-13(생태육교남쪽)","다목적",1,NA,NA
"156","관악구청","승방1길","다목적",1,"08808","남현동"
"157","관악구청","관악산나들길","다목적",1,"08825","대학동"
"158","관악구청","관악산나들길","다목적",1,"08825","대학동"
"159","관악구청","국사봉길","다목적",1,NA,NA
"160","관악구청","구암길","다목적",1,"08725","성현동"
"161","관악구청","성현로91(상도근린공원2)","다목적",1,NA,NA
"162","관악구청","남부순환로194길","다목적",1,"08779","서원동"
"163","관악구청","국회단지길","다목적",1,"08714","은천동"
"164","관악구청","인헌길","다목적",1,"08793","인헌동"
"165","관악구청","인헌길","다목적",1,"08793","인헌동"
"166","관악구청","성현로117(까치산근린공원)","다목적",1,NA,NA
"167","관악구청","장군봉길","다목적",1,"08782","청룡동"
"168","관악구청","장군봉5길","다목적",1,"08784","청룡동"
"169","관악구청","장군봉길","다목적",1,"08782","청룡동"
"170","관악구청","남부순환로216길","다목적",1,"08786","청룡동"
"171","관악구청","남부순환로247길","다목적",1,"08801","행운동"
"172","관악구청","남부순환로251길","다목적",1,"08802","행운동"
"173","관악구청","행운길","다목적",1,"08740","행운동"
"174","관악구청","솔밭로28(까치산근린공원4)","다목적",1,NA,NA
"175","관악구청","난향7길","다목적",1,"08859","난향동"
"176","관악구청","난곡로55(안전한산책로4)","다목적",1,NA,NA
"177","관악구청","난곡로55(안전한산책로5)","다목적",1,NA,NA
"178","관악구청","문성로16다길","다목적",1,"08863","서림동"
"179","관악구청","인헌16다길","다목적",1,"08800","인헌동"
"180","관악구청","장군봉길","다목적",1,"08782","청룡동"
"181","관악구청","낙성대로77(낙성대공원,반려견놀이터)","다목적",1,NA,NA
"182","관악구청","관악산나들길","다목적",1,"08825","대학동"
"183","관악구청","관악산나들길","다목적",1,"08825","대학동"
"184","관악구청","장군봉길","다목적",1,"08782","청룡동"
"185","관악구청","남현4길","다목적",1,"08805","남현동"
"186","관악구청","남부순환로156길","다목적",1,"08773","미성동"
"187","관악구청","문성로119(문성터널차량)","다목적",1,NA,NA
"188","관악구청","남부순환로152길","다목적",1,"08773","미성동"
"189","관악구청","원신9길","다목적",1,"08848","삼성동"
"190","관악구청","신원동","다목적",1,NA,"신원동"
"191","관악구청","보라매동","다목적",1,NA,"보라매동"
"192","관악구청","청룡동","다목적",1,NA,"청룡동"
"193","관악구청","호암로399","다목적",1,NA,NA
"194","관악구청","호암로399","다목적",1,NA,NA
"195","관악구청","신사동","다목적",1,NA,"신사동"
"196","관악구청","신사동","다목적",2,NA,"신사동"
"197","관악구청","삼성동","다목적",3,NA,"삼성동"
"198","관악구청","청룡동","다목적",3,NA,"청룡동"
"199","관악구청","난곡동","다목적",1,NA,"난곡동"
"200","관악구청","신사동","다목적",1,NA,"신사동"
"201","관악구청","서림동","다목적",1,NA,"서림동"
"202","관악구청","삼성동","다목적",1,NA,"삼성동"
"203","관악구청","대학동","다목적",1,NA,"대학동"
"204","관악구청","남부순환로2076(남현예술공원)","다목적",1,NA,NA
"205","관악구청","남부순환로2076(남현예술공원)","다목적",1,NA,NA
"206","관악구청","대학동","다목적",1,NA,"대학동"
"207","관악구청","대학동","다목적",1,NA,"대학동"
"208","관악구청","대학동","다목적",1,NA,"대학동"
"209","관악구청","대학동","다목적",1,NA,"대학동"
"210","관악구청","신림로70길","다목적",1,"08755","신림동"
"211","관악구청","청룡4길","다목적",5,"08785","청룡동"
"212","관악구청","남부순환로246길","다목적",5,"08793","인헌동"
"213","관악구청","중앙길","다목적",4,"08743","중앙동"
"214","관악구청","난곡로35길","다목적",3,"08858","난곡동"
"215","관악구청","남현2길","다목적",4,"08804","남현동"
"216","관악구청","난향동","다목적",3,NA,"난향동"
"217","관악구청","난곡로42,GS슈퍼마켓부근","다목적",3,NA,NA
"218","관악구청","은천로69,은천초교부근","다목적",3,NA,NA
"219","관악구청","서림길","다목적",3,"08828","서림동"
"220","관악구청","남현6길","다목적",1,"08804","남현동"
"221","관악구청","양녕로2가길","다목적",5,"08747","중앙동"
"222","관악구청","신림로28길","다목적",4,"08838","서림동"
"223","관악구청","신림로18길","다목적",1,"08839","서림동"
"224","관악구청","난향3길","다목적",1,"08859","난향동"
"225","관악구청","남현4길","다목적",5,"08805","남현동"
"226","관악구청","남부순환로144길","다목적",1,"08771","미성동"
"227","관악구청","난우길","다목적",5,"08849","미성동"
"228","관악구청","난우12길","다목적",1,"08850","미성동"
"229","관악구청","미성길","다목적",1,"08866","미성동"
"230","관악구청","당곡길","다목적",1,"08710","보라매동"
"231","관악구청","보라매로38","다목적",2,NA,NA
"232","관악구청","봉천로275","다목적",4,NA,NA
"233","관악구청","관악로285","다목적",4,NA,NA
"234","관악구청","양녕로74,구암초교부근","다목적",4,NA,NA
"235","관악구청","문성로30길","다목적",1,"08843","신원동"
"236","관악구청","청림3길","다목적",1,"08732","청림동"
"237","관악구청","솔밭로21","다목적",3,NA,NA
"238","관악구청","봉천로497","다목적",1,NA,NA
"239","관악구청","행운1길","다목적",1,"08737","행운동"
"240","관악구청","은천로24길","다목적",5,"08747","중앙동"
"241","관악구청","호암로498","다목적",1,NA,NA
"242","관악구청","당곡2가길","다목적",3,"08710","보라매동"
"243","관악구청","청림5길","다목적",4,"08734","청림동"
"244","관악구청","남부순환로1761,남서울유치원부근","다목적",5,NA,NA
"245","관악구청","행운1라길","다목적",1,"08736","행운동"
"246","관악구청","은천로25길","다목적",4,"08729","성현동"
"247","관악구청","구암길","다목적",3,"08725","성현동"
"248","관악구청","청림5길","다목적",1,"08734","청림동"
"249","관악구청","광신길","다목적",1,"08848","삼성동"
"250","관악구청","호암로545,미림어린이집부근","다목적",4,NA,NA
"251","관악구청","양녕로2가길","다목적",5,"08747","중앙동"
"252","관악구청","난곡로35길","다목적",1,"08858","난곡동"
"253","관악구청","관악로461","다목적",4,NA,NA
"254","관악구청","낙성대역길","다목적",5,"08793","인헌동"
"255","관악구청","남부순환로256길","다목적",4,"08803","남현동"
"256","관악구청","남현2길","다목적",3,"08804","남현동"
"257","관악구청","봉천로505","다목적",4,NA,NA
"258","관악구청","행운1라길","다목적",3,"08736","행운동"
"259","관악구청","국회단지길","다목적",3,"08714","은천동"
"260","관악구청","청룡2길","다목적",4,"08785","청룡동"
"261","관악구청","참숯5길","다목적",5,"08829","청룡동"
"262","관악구청","문성로38라길","다목적",4,"08843","신원동"
"263","관악구청","대학7길","다목적",4,"08818","대학동"
"264","관악구청","낙성대로4길","다목적",5,"08790","낙성대동"
"265","관악구청","밤골길","다목적",5,"08848","삼성동"
"266","관악구청","광신길","다목적",3,"08848","삼성동"
"267","관악구청","난곡로186","다목적",3,NA,NA
"268","관악구청","난곡로25가길","다목적",3,"08858","난곡동"
"269","관악구청","법원단지2길","다목적",4,"08852","난곡동"
"270","관악구청","난우길","다목적",4,"08849","미성동"
"271","관악구청","광신길","다목적",1,"08848","삼성동"
"272","관악구청","당곡2가길","다목적",3,"08710","보라매동"
"273","관악구청","양녕로6나길","다목적",4,"08746","중앙동"
"274","관악구청","청림3길","다목적",4,"08732","청림동"
"275","관악구청","남부순환로151길","다목적",5,"08762","신사동"
"276","관악구청","양녕로6다길","다목적",4,"08746","중앙동"
"277","관악구청","청림3다길","다목적",4,"08732","청림동"
"278","관악구청","관악로125","다목적",4,NA,NA
"279","관악구청","낙성대동","다목적",4,NA,"낙성대동"
"280","관악구청","남부순환로260길","다목적",4,"08803","남현동"
"281","관악구청","관천로11길","다목적",5,"08762","신사동"
"282","관악구청","조원로2길","다목적",5,"08768","조원동"
"283","관악구청","남부순환로1455","다목적",4,NA,NA
"284","관악구청","난우10길","다목적",3,"08850","미성동"
"285","관악구청","미성길","다목적",3,"08866","미성동"
"286","관악구청","남부순환로170길","다목적",4,"08774","신원동"
"287","관악구청","난곡로178","다목적",4,NA,NA
"288","관악구청","신림동","다목적",4,NA,"신림동"
"289","관악구청","동광로49-31","다목적",5,NA,"동"
"290","관악구청","문성로212","다목적",4,NA,NA
"291","관악구청","문성로28길","다목적",4,"08842","신원동"
"292","관악구청","대학7길","다목적",5,"08818","대학동"
"293","관악구청","봉천로41길","다목적",5,"08748","중앙동"
"294","관악구청","신림동","다목적",3,NA,"신림동"
"295","관악구청","신림로28길","다목적",4,"08838","서림동"
"296","관악구청","복은길","다목적",5,"08835","서림동"
"297","관악구청","복은7길","다목적",4,"08835","서림동"
"298","관악구청","난곡로45길","다목적",4,"08864","미성동"
"299","관악구청","남부순환로144길","다목적",5,"08771","미성동"
"300","관악구청","문성로206","다목적",5,NA,NA
"301","관악구청","관악로14길","다목적",4,"08788","낙성대동"
"302","관악구청","남부순환로234길","다목적",5,"08789","낙성대동"
"303","관악구청","낙성대로12","다목적",1,NA,NA
"304","관악구청","청림6길","다목적",1,"08734","청림동"
"305","관악구청","법원단지21길","다목적",5,"08852","난곡동"
"306","관악구청","법원단지길","다목적",3,"08850","미성동"
"307","관악구청","법원단지22길","다목적",1,"08853","난곡동"
"308","관악구청","난곡로34다길","다목적",1,"08854","난곡동"
"309","관악구청","난곡로26나길","다목적",1,"08856","난곡동"
"310","관악구청","난곡로26나길","다목적",5,"08856","난곡동"
"311","관악구청","난곡로35나길","다목적",1,"08858","난곡동"
"312","관악구청","난향길","다목적",5,"08859","난향동"
"313","관악구청","난향2길","다목적",5,"08859","난향동"
"314","관악구청","난곡로9길","다목적",1,"08859","난향동"
"315","관악구청","남현12길","다목적",5,"08803","남현동"
"316","관악구청","남부순환로260길","다목적",4,"08803","남현동"
"317","관악구청","남현12길","다목적",5,"08803","남현동"
"318","관악구청","남현길","다목적",4,"08806","남현동"
"319","관악구청","남현6길","다목적",1,"08804","남현동"
"320","관악구청","호암로22길","다목적",5,"08819","대학동"
"321","관악구청","대학6길","다목적",5,"08813","대학동"
"322","관악구청","신림로67","다목적",3,NA,NA
"323","관악구청","신림로3가길","다목적",4,"08814","대학동"
"324","관악구청","대학10길","다목적",1,"08819","대학동"
"325","관악구청","난곡로52길","다목적",4,"08772","미성동"
"326","관악구청","법원단지5나길","다목적",2,"08851","미성동"
"327","관악구청","미성3길","다목적",5,"08865","미성동"
"328","관악구청","문성로16길","다목적",3,"08864","미성동"
"329","관악구청","미성7길","다목적",5,"08865","미성동"
"330","관악구청","봉천로13길","다목적",4,"08721","보라매동"
"331","관악구청","보라매로3길","다목적",1,"08708","보라매동"
"332","관악구청","보라매로14-5","다목적",4,NA,NA
"333","관악구청","당곡6길","다목적",1,"08710","보라매동"
"334","관악구청","당곡6길","다목적",4,"08710","보라매동"
"335","관악구청","봉천로7길","다목적",2,"08708","보라매동"
"336","관악구청","호암로18나길","다목적",5,"08821","삼성동"
"337","관악구청","호암로16길","다목적",1,"08821","삼성동"
"338","관악구청","호암로528,농협하나로마트부근","다목적",4,NA,NA
"339","관악구청","약수암길","다목적",4,"08823","삼성동"
"340","관악구청","양지길","다목적",2,"08846","삼성동"
"341","관악구청","쑥고개로2다길","다목적",5,"08829","서림동"
"342","관악구청","남부순환로192길","다목적",1,"08779","서원동"
"343","관악구청","신림로36길","다목적",5,"08828","서림동"
"344","관악구청","신림로38길","다목적",5,"08828","서림동"
"345","관악구청","복은12길","다목적",5,"08834","서림동"
"346","관악구청","서원길","다목적",3,"08844","서원동"
"347","관악구청","서원5길","다목적",1,"08844","서원동"
"348","관악구청","문성로40길","다목적",4,"08844","서원동"
"349","관악구청","신림로48길","다목적",3,"08781","서원동"
"350","관악구청","구암길","다목적",3,"08725","성현동"
"351","관악구청","관악로37길","다목적",1,"08727","성현동"
"352","관악구청","은천로35바길","다목적",1,"08728","성현동"
"353","관악구청","은천로35길","다목적",5,"08728","성현동"
"354","관악구청","성현로53,구암중학교부근","다목적",4,NA,NA
"355","관악구청","신림로71길","다목적",4,"08707","신림동"
"356","관악구청","관천로24길","다목적",1,"08706","신림동"
"357","관악구청","관천로11길","다목적",5,"08762","신사동"
"358","관악구청","남부순환로151길","다목적",3,"08762","신사동"
"359","관악구청","조원로31길","다목적",5,"08704","신사동"
"360","관악구청","남부순환로161길","다목적",5,"08763","신사동"
"361","관악구청","난곡로66가길","다목적",3,"08761","신사동"
"362","관악구청","남부순환로149길","다목적",3,"08761","신사동"
"363","관악구청","남부순환로166길","다목적",4,"08773","신원동"
"364","관악구청","문성로32길","다목적",1,"08843","신원동"
"365","관악구청","문성로38다길","다목적",3,"08843","신원동"
"366","관악구청","문성로38길","다목적",1,"08843","신원동"
"367","관악구청","국회단지13길","다목적",5,"08713","은천동"
"368","관악구청","국회단지6길","다목적",3,"08714","은천동"
"369","관악구청","국회단지5길","다목적",1,"08713","은천동"
"370","관악구청","봉천로355","다목적",2,NA,NA
"371","관악구청","봉천로25길","다목적",1,"08749","은천동"
"372","관악구청","은천로6","다목적",5,NA,NA
"373","관악구청","인헌9길","다목적",1,"08795","인헌동"
"374","관악구청","인헌길","다목적",3,"08793","인헌동"
"375","관악구청","인헌1나길","다목적",1,"08795","인헌동"
"376","관악구청","인헌1길","다목적",1,"08795","인헌동"
"377","관악구청","인헌16길","다목적",4,"08797","인헌동"
"378","관악구청","낙성대역6길","다목적",5,"08799","인헌동"
"379","관악구청","조원로6길","다목적",6,"08769","조원동"
"380","관악구청","조원로4길","다목적",4,"08769","조원동"
"381","관악구청","남부순환로145길","다목적",5,"08767","조원동"
"382","관악구청","봉천로471-1","다목적",1,NA,NA
"383","관악구청","중앙길","다목적",1,"08743","중앙동"
"384","관악구청","봉천로41길","다목적",5,"08748","중앙동"
"385","관악구청","장군봉2길","다목적",5,"08782","청룡동"
"386","관악구청","남부순환로206길","다목적",1,"08784","청룡동"
"387","관악구청","청룡9길","다목적",1,"08831","청룡동"
"388","관악구청","청룡15길","다목적",1,"08831","청룡동"
"389","관악구청","남부순환로210길","다목적",5,"08785","청룡동"
"390","관악구청","청룡8길","다목적",4,"08784","청룡동"
"391","관악구청","청림길","다목적",4,"08732","청림동"
"392","관악구청","양녕로6길","다목적",4,"08746","중앙동"
"393","관악구청","청림3라길","다목적",3,"08731","청림동"
"394","관악구청","행운1라길","다목적",1,"08736","행운동"
"395","관악구청","행운5길","다목적",1,"08740","행운동"
"396","관악구청","행운길","다목적",1,"08740","행운동"
"397","관악구청","솔밭로5길","다목적",4,"08741","행운동"
"398","관악구청","남부순환로247다길","다목적",1,"08801","행운동"
"399","관악구청","남부순환로247길","다목적",4,"08801","행운동"
"400","관악구청","행운1나길","다목적",1,"08737","행운동"
"401","관악구청","보라매로6길","다목적",1,"08709","보라매동"
"402","관악구청","국회단지19길","다목적",3,"08713","은천동"
"403","관악구청","청림6길","다목적",1,"08734","청림동"
"404","관악구청","난곡로26길","다목적",1,"08846","삼성동"
"405","관악구청","난곡로26길","다목적",4,"08846","삼성동"
"406","관악구청","양지12길","다목적",4,"08846","삼성동"
"407","관악구청","봉천로21라길","다목적",1,"08720","보라매동"
"408","관악구청","양녕로16길","다목적",1,"08724","은천동"
"409","관악구청","구암5가길","다목적",1,"08724","성현동"
"410","관악구청","남부순환로1561-1","다목적",1,NA,NA
"411","관악구청","신림로44길","다목적",1,"08783","서원동"
"412","관악구청","남부순환로240길","다목적",3,"08792","낙성대동"
"413","관악구청","관악로14가길","다목적",5,"08789","낙성대동"
"414","관악구청","봉천로522-8","다목적",5,NA,NA
"415","관악구청","낙성대로3길","다목적",1,"08799","낙성대동"
"416","관악구청","난향길","다목적",2,"08859","난향동"
"417","관악구청","난향10길","다목적",4,"08859","난향동"
"418","관악구청","남현7길","다목적",1,"08807","남현동"
"419","관악구청","남현7길","다목적",1,"08807","남현동"
"420","관악구청","남현길","다목적",4,"08806","남현동"
"421","관악구청","남현3길","다목적",1,"08806","남현동"
"422","관악구청","대학21길","다목적",1,"08818","대학동"
"423","관악구청","신림로11길","다목적",1,"08817","대학동"
"424","관악구청","신림로11길","다목적",4,"08817","대학동"
"425","관악구청","대학14길","다목적",1,"08820","대학동"
"426","관악구청","대학길","다목적",2,"08818","대학동"
"427","관악구청","난곡로235","다목적",1,NA,NA
"428","관악구청","난곡로235","다목적",1,NA,NA
"429","관악구청","당곡2길","다목적",6,"08711","보라매동"
"430","관악구청","봉천로243","다목적",1,NA,NA
"431","관악구청","봉천로21길","다목적",1,"08719","보라매동"
"432","관악구청","봉천로21길","다목적",1,"08719","보라매동"
"433","관악구청","봉천로23길","다목적",1,"08718","보라매동"
"434","관악구청","양지길","다목적",5,"08846","삼성동"
"435","관악구청","양지길","다목적",3,"08846","삼성동"
"436","관악구청","약수암1길","다목적",4,"08823","삼성동"
"437","관악구청","신림로29길","다목적",1,"08845","서림동"
"438","관악구청","복은2길","다목적",5,"08837","서림동"
"439","관악구청","서림3길","다목적",1,"08840","서림동"
"440","관악구청","복은8길","다목적",4,"08834","서림동"
"441","관악구청","서림7길","다목적",1,"08840","서림동"
"442","관악구청","쑥고개로2가길","다목적",1,"08829","서림동"
"443","관악구청","서원3길","다목적",5,"08844","서원동"
"444","관악구청","남부순환로200다길","다목적",5,"08780","서원동"
"445","관악구청","남부순환로190길","다목적",3,"08779","서원동"
"446","관악구청","남부순환로190가길","다목적",4,"08779","서원동"
"447","관악구청","신림로44나길","다목적",1,"08783","서원동"
"448","관악구청","신림로44가길","다목적",1,"08783","서원동"
"449","관악구청","신림로294","다목적",1,NA,NA
"450","관악구청","남부순환로184길","다목적",4,"08777","서원동"
"451","관악구청","남부순환로180길","다목적",1,"08777","서원동"
"452","관악구청","은천로21길","다목적",4,"08729","성현동"
"453","관악구청","구암5가길","다목적",3,"08724","성현동"
"454","관악구청","신림로71길","다목적",1,"08707","신림동"
"455","관악구청","남부순환로1623","다목적",1,NA,NA
"456","관악구청","신림동","다목적",5,NA,"신림동"
"457","관악구청","신사로26길","다목적",1,"08703","신사동"
"458","관악구청","조원로171","다목적",5,NA,NA
"459","관악구청","관천로77","다목적",1,NA,NA
"460","관악구청","문성로32길","다목적",1,"08843","신원동"
"461","관악구청","문성로38길","다목적",3,"08843","신원동"
"462","관악구청","문성로26길","다목적",1,"08842","신원동"
"463","관악구청","남부순환로170길","다목적",1,"08774","신원동"
"464","관악구청","신림로53가길","다목적",1,"08775","신원동"
"465","관악구청","문성로231","다목적",1,NA,NA
"466","관악구청","신림로285","다목적",1,NA,NA
"467","관악구청","양녕로19-7","다목적",1,NA,NA
"468","관악구청","국회단지11길","다목적",5,"08713","은천동"
"469","관악구청","인헌23길","다목적",5,"08800","인헌동"
"470","관악구청","인헌동","다목적",1,NA,"인헌동"
"471","관악구청","낙성대역16길","다목적",1,"08797","인헌동"
"472","관악구청","남부순환로248길","다목적",5,"08793","인헌동"
"473","관악구청","인헌16나길","다목적",3,"08800","인헌동"
"474","관악구청","난곡로65길","다목적",5,"08767","조원동"
"475","관악구청","시흥대로162길","다목적",1,"08768","조원동"
"476","관악구청","시흥대로158가길","다목적",3,"08768","조원동"
"477","관악구청","조원중앙로59-5","다목적",1,NA,NA
"478","관악구청","양녕로6길","다목적",1,"08746","중앙동"
"479","관악구청","관악로211","다목적",4,NA,NA
"480","관악구청","양녕로6다길","다목적",4,"08746","중앙동"
"481","관악구청","남부순환로1814","다목적",1,NA,NA
"482","관악구청","청림3마길","다목적",1,"08732","청림동"
"483","관악구청","청림5길","다목적",1,"08734","청림동"
"484","관악구청","행운1다길","다목적",5,"08736","행운동"
"485","관악구청","행운6길","다목적",5,"08741","행운동"
"486","관악구청","행운9길","다목적",1,"08740","행운동"
"487","관악구청","남부순환로249길","다목적",1,"08802","행운동"
"488","관악구청","남부순환로1929","다목적",1,NA,NA
"489","관악구청","행운7길","다목적",1,"08740","행운동"
"490","관악구청","행운4길","다목적",5,"08741","행운동"
"491","관악구청","남부순환로247길","다목적",1,"08801","행운동"
"492","관악구청","남부순환로251길","다목적",1,"08802","행운동"
"493","관악구청","법원단지10길","다목적",5,"08853","난곡동"
"494","관악구청","법원단지30길","다목적",5,"08853","난곡동"
"495","관악구청","난곡로34길","다목적",3,"08854","난곡동"
"496","관악구청","난곡로10길","다목적",3,"08860","난향동"
"497","관악구청","난곡로15길","다목적",1,"08858","난곡동"
"498","관악구청","난곡로31길","다목적",2,"08858","난곡동"
"499","관악구청","미성7길","다목적",1,"08865","미성동"
"500","관악구청","난곡로64가길","다목적",5,"08772","미성동"
"501","관악구청","난곡로42길","다목적",3,"08849","미성동"
"502","관악구청","난곡로215","다목적",2,NA,NA
"503","관악구청","문성로16가길","다목적",3,"08864","미성동"
"504","관악구청","난곡로41길","다목적",2,"08864","미성동"
"505","관악구청","장군봉7길","다목적",5,"08784","청룡동"
"506","관악구청","장군봉길","다목적",4,"08782","청룡동"
"507","관악구청","쑥고개로16길","다목적",5,"08831","청룡동"
"508","관악구청","관악로11길","다목적",5,"08832","청룡동"
"509","관악구청","쑥고개로22길","다목적",4,"08832","청룡동"
"510","관악구청","복은길","다목적",1,"08835","서림동"
"511","관악구청","청룡16길","다목적",1,"08830","청룡동"
"512","관악구청","관악로6길","다목적",1,"08791","낙성대동"
"513","관악구청","은천로37길","다목적",3,"08728","성현동"
"514","관악구청","봉천로31길","다목적",1,"08750","은천동"
"515","관악구청","인헌4길","다목적",1,"08793","인헌동"
"516","관악구청","은천로146","다목적",1,NA,NA
"517","관악구청","장군봉3길","다목적",1,"08784","청룡동"
"518","관악구청","법원단지14길","다목적",5,"08853","난곡동"
"519","관악구청","난곡로63가길","다목적",1,"08771","미성동"
"520","관악구청","밤골길","다목적",1,"08848","삼성동"
"521","관악구청","신림로210,은성온누리약국부근","다목적",5,NA,NA
"522","관악구청","남부순환로192길","다목적",4,"08779","서원동"
"523","관악구청","관천로16길","다목적",3,"08706","신림동"
"524","관악구청","남부순환로161나길","다목적",2,"08763","신사동"
"525","관악구청","문성로25길","다목적",3,"08774","신원동"
"526","관악구청","조원중앙로2길","다목적",2,"08766","조원동"
"527","관악구청","은천로33길","다목적",1,"08729","성현동"
"528","관악구청","국회단지20길","다목적",4,"08714","은천동"
"529","관악구청","인헌19길","다목적",1,"08800","인헌동"
"530","관악구청","봉천로287-1","다목적",3,NA,NA
"531","관악구청","은천로48","다목적",5,NA,NA
"532","관악구청","국회단지길","다목적",1,"08714","은천동"
"533","관악구청","봉천로392","다목적",1,NA,NA
"534","관악구청","은천로15길","다목적",3,"08715","은천동"
"535","관악구청","국회단지4길","다목적",3,"08716","은천동"
"536","관악구청","은천로39길","다목적",1,"08726","성현동"
"537","관악구청","은천로21길","다목적",1,"08729","성현동"
"538","관악구청","관악로255-7","다목적",1,NA,NA
"539","관악구청","봉천로49길","다목적",5,"08745","중앙동"
"540","관악구청","양녕로16-1","다목적",1,NA,NA
"541","관악구청","청림3마길","다목적",3,"08732","청림동"
"542","관악구청","관악로24길","다목적",5,"08736","행운동"
"543","관악구청","남부순환로1951","다목적",1,NA,NA
"544","관악구청","행운5길","다목적",3,"08740","행운동"
"545","관악구청","행운1마길","다목적",1,"08737","행운동"
"546","관악구청","행운4길","다목적",1,"08741","행운동"
"547","관악구청","남부순환로1873","다목적",5,NA,NA
"548","관악구청","관악로13길","다목적",1,"08786","청룡동"
"549","관악구청","청룡1길","다목적",1,"08786","청룡동"
"550","관악구청","청룡길","다목적",1,"08785","청룡동"
"551","관악구청","관악로10길","다목적",1,"08791","낙성대동"
"552","관악구청","관악로16길","다목적",1,"08788","낙성대동"
"553","관악구청","봉천로590","다목적",4,NA,NA
"554","관악구청","인헌길","다목적",4,"08793","인헌동"
"555","관악구청","낙성대역14길","다목적",3,"08798","인헌동"
"556","관악구청","남부순환로2004","다목적",1,NA,NA
"557","관악구청","남현7길","다목적",1,"08807","남현동"
"558","관악구청","남부순환로1643","다목적",1,NA,NA
"559","관악구청","관천로64부근","다목적",5,NA,NA
"560","관악구청","남부순환로1539","다목적",1,NA,NA
"561","관악구청","남부순환로155길","다목적",3,"08762","신사동"
"562","관악구청","조원로2길","다목적",5,"08768","조원동"
"563","관악구청","남부순환로1361","다목적",1,NA,NA
"564","관악구청","미성동","다목적",5,NA,"미성동"
"565","관악구청","법원단지5나길","다목적",1,"08851","미성동"
"566","관악구청","미성길","다목적",4,"08866","미성동"
"567","관악구청","미성8길","다목적",3,"08866","미성동"
"568","관악구청","미성3길","다목적",2,"08865","미성동"
"569","관악구청","법원단지31길","다목적",4,"08852","난곡동"
"570","관악구청","난곡로26길","다목적",4,"08846","삼성동"
"571","관악구청","난곡로15길","다목적",1,"08858","난곡동"
"572","관악구청","난곡로26마길","다목적",3,"08856","난곡동"
"573","관악구청","난곡로24길","다목적",1,"08857","난곡동"
"574","관악구청","난곡로121-30","다목적",3,NA,NA
"575","관악구청","난향7길","다목적",1,"08859","난향동"
"576","관악구청","난곡로11길","다목적",3,"08859","난향동"
"577","관악구청","남부순환로1668,강강술래부근","다목적",5,NA,NA
"578","관악구청","관악로28길","다목적",4,"08736","행운동"
"579","관악구청","신림로48길","다목적",5,"08781","서원동"
"580","관악구청","신원동","다목적",4,NA,"신원동"
"581","관악구청","신원로3마길","다목적",1,"08774","신원동"
"582","관악구청","문성로194","다목적",4,NA,NA
"583","관악구청","신원로4길","다목적",1,"08775","신원동"
"584","관악구청","복은6길","다목적",1,"08834","서림동"
"585","관악구청","서림길","다목적",5,"08828","서림동"
"586","관악구청","신림로31길","다목적",1,"08845","서림동"
"587","관악구청","복은6길","다목적",1,"08834","서림동"
"588","관악구청","호암로18나길","다목적",1,"08821","삼성동"
"589","관악구청","신우길","다목적",1,"08823","삼성동"
"590","관악구청","양지5길","다목적",1,"08846","삼성동"
"591","관악구청","양산2길","다목적",1,"08846",""
"592","관악구청","신림로21길","다목적",1,"08819","대학동"
"593","관악구청","신림로11길","다목적",1,"08817","대학동"
"594","관악구청","대학14길","다목적",1,"08820","대학동"
"595","관악구청","봉천로23다길","다목적",3,"08718","보라매동"
"596","관악구청","당곡6라길","다목적",4,"08709","보라매동"
"597","관악구청","당곡2길","다목적",1,"08711","보라매동"
"598","관악구청","봉천로33가길","다목적",4,"08752","은천동"
"599","관악구청","은천로74-1","다목적",1,NA,NA
"600","관악구청","국회단지6길","다목적",1,"08714","은천동"
"601","관악구청","봉천로372","다목적",4,NA,NA
"602","관악구청","은천로39길","다목적",5,"08726","성현동"
"603","관악구청","구암5길","다목적",1,"08724","은천동"
"604","관악구청","은천로23길","다목적",1,"08729","성현동"
"605","관악구청","은천로35다길","다목적",1,"08728","성현동"
"606","관악구청","중앙길","다목적",1,"08743","중앙동"
"607","관악구청","봉천로49다길","다목적",5,"08745","중앙동"
"608","관악구청","은천로32길","다목적",2,"08743","중앙동"
"609","관악구청","관악로30길","다목적",4,"08735","행운동"
"610","관악구청","청림동","다목적",1,NA,"청림동"
"611","관악구청","관악로24길","다목적",1,"08736","행운동"
"612","관악구청","행운7길","다목적",1,"08740","행운동"
"613","관악구청","남부순환로1831","다목적",4,NA,NA
"614","관악구청","청룡10길","다목적",4,"08830","청룡동"
"615","관악구청","남부순환로214길","다목적",5,"08786","청룡동"
"616","관악구청","남부순환로210길","다목적",1,"08785","청룡동"
"617","관악구청","장군봉1길","다목적",4,"08784","청룡동"
"618","관악구청","관악로12길","다목적",1,"08790","낙성대동"
"619","관악구청","남부순환로226길","다목적",5,"08788","낙성대동"
"620","관악구청","남부순환로226길","다목적",1,"08788","낙성대동"
"621","관악구청","남부순환로246나길","다목적",4,"08793","인헌동"
"622","관악구청","인헌3길","다목적",1,"08795","인헌동"
"623","관악구청","인헌13길","다목적",4,"08796","인헌동"
"624","관악구청","인헌9길","다목적",4,"08795","인헌동"
"625","관악구청","남부순환로260길","다목적",4,"08803","남현동"
"626","관악구청","승방3길","다목적",4,"08808","남현동"
"627","관악구청","남현1가길","다목적",4,"08807","남현동"
"628","관악구청","관천로20길","다목적",1,"08706","신림동"
"629","관악구청","신림로73길","다목적",1,"08707","신림동"
"630","관악구청","남부순환로187길","다목적",1,"08755","신림동"
"631","관악구청","조원로157","다목적",1,NA,NA
"632","관악구청","관천로91","다목적",5,NA,NA
"633","관악구청","신사로126","다목적",1,NA,NA
"634","관악구청","시흥대로158길","다목적",4,"08768","조원동"
"635","관악구청","조원중앙로34","다목적",1,NA,NA
"636","관악구청","조원로25","다목적",1,NA,NA
"637","관악구청","난곡로38길","다목적",1,"08849","미성동"
"638","관악구청","법원단지5라길","다목적",1,"08851","미성동"
"639","관악구청","미성동","다목적",5,NA,"미성동"
"640","관악구청","법원단지5가길","다목적",4,"08851","미성동"
"641","관악구청","법원단지13길","다목적",4,"08852","난곡동"
"642","관악구청","난곡로26길","다목적",1,"08846","삼성동"
"643","관악구청","난곡로24바길","다목적",3,"08856","난곡동"
"644","관악구청","난곡로24길","다목적",4,"08857","난곡동"
"645","관악구청","난향9길","다목적",3,"08859","난향동"
"646","관악구청","난향2길","다목적",4,"08859","난향동"
"647","관악구청","난향9길","다목적",1,"08859","난향동"
"648","관악구청","남부순환로186길","다목적",1,"08779","서원동"
"649","관악구청","문성로40길","다목적",4,"08844","서원동"
"650","관악구청","신림로44가길","다목적",3,"08783","서원동"
"651","관악구청","문성로28가길","다목적",1,"08842","신원동"
"652","관악구청","남부순환로168가길","다목적",1,"08774","신원동"
"653","관악구청","신원로3마길","다목적",5,"08774","신원동"
"654","관악구청","신림로32길","다목적",5,"08836","서림동"
"655","관악구청","서림6길","다목적",1,"08837","서림동"
"656","관악구청","복은길","다목적",4,"08835","서림동"
"657","관악구청","호암로524-18","다목적",1,NA,NA
"658","관악구청","성림1길","다목적",4,"08848",""
"659","관악구청","양지2길","다목적",1,"08846","삼성동"
"660","관악구청","양지10길","다목적",4,"08846","삼성동"
"661","관악구청","호암로22길","다목적",5,"08819","대학동"
"662","관악구청","신림로11길","다목적",3,"08817","대학동"
"663","관악구청","신림로97","다목적",4,NA,NA
"664","관악구청","대학7가길","다목적",4,"08818","대학동"
"665","관악구청","관악로12길","다목적",4,"08790","낙성대동"
"666","관악구청","낙성대역4길","다목적",5,"08792","인헌동"
"667","관악구청","낙성대로3길","다목적",5,"08799","낙성대동"
"668","관악구청","관악로117(청룡초교입구)","다목적",5,NA,NA
"669","관악구청","난곡로34나길","다목적",4,"08854","난곡동"
"670","관악구청","난곡로26나길","다목적",5,"08856","난곡동"
"671","관악구청","난곡로34길","다목적",4,"08854","난곡동"
"672","관악구청","난우2길","다목적",4,"08852","난곡동"
"673","관악구청","난향14길","다목적",3,"08859","난향동"
"674","관악구청","난향16길","다목적",1,"08859","난향동"
"675","관악구청","난향14길","다목적",2,"08859","난향동"
"676","관악구청","난곡로11길","다목적",5,"08859","난향동"
"677","관악구청","난향길","다목적",4,"08859","난향동"
"678","관악구청","난곡로30(휴먼시아107동","다목적",5,NA,"난곡로30(휴먼시아107동"
"679","관악구청","승방1길","다목적",4,"08808","남현동"
"680","관악구청","과천대로933","다목적",4,NA,NA
"681","관악구청","과천대로955(사당역6번출구)","다목적",3,NA,NA
"682","관악구청","남현2길","다목적",5,"08804","남현동"
"683","관악구청","대학18길","다목적",4,"08820","대학동"
"684","관악구청","신림로7가길","다목적",4,"08815","대학동"
"685","관악구청","호암로24길","다목적",5,"08813","대학동"
"686","관악구청","난우길","다목적",4,"08849","미성동"
"687","관악구청","미성8길","다목적",4,"08866","미성동"
"688","관악구청","봉천로21가길","다목적",4,"08719","보라매동"
"689","관악구청","봉천로23나길","다목적",4,"08719","보라매동"
"690","관악구청","양지길","다목적",4,"08846","삼성동"
"691","관악구청","원신길","다목적",3,"08848","삼성동"
"692","관악구청","원신길","다목적",5,"08848","삼성동"
"693","관악구청","서림3길","다목적",5,"08840","서림동"
"694","관악구청","쑥고개로2길","다목적",4,"08829","서림동"
"695","관악구청","복은6길","다목적",5,"08834","서림동"
"696","관악구청","양산길","다목적",3,"08846","서림동"
"697","관악구청","없음(신대방역자전거보관소)","다목적",1,NA,NA
"698","관악구청","남부순환로184가길","다목적",4,"08779","서원동"
"699","관악구청","남부순환로184가길","다목적",3,"08779","서원동"
"700","관악구청","서원10길","다목적",2,"08844","서원동"
"701","관악구청","문성로38길","다목적",2,"08843","신원동"
"702","관악구청","문성로38길","다목적",1,"08843","신원동"
"703","관악구청","남부순환로194길","다목적",3,"08779","서원동"
"704","관악구청","양녕로16길","다목적",2,"08724","은천동"
"705","관악구청","구암5가길","다목적",4,"08724","성현동"
"706","관악구청","신림로70길","다목적",5,"08755","신림동"
"707","관악구청","봉천로190","다목적",5,NA,NA
"708","관악구청","신사로22길","다목적",1,"08703","신사동"
"709","관악구청","관천로19길","다목적",3,"08704","신사동"
"710","관악구청","난곡로74길","다목적",4,"08705","신사동"
"711","관악구청","없음(신대방역자전거보관소)","다목적",2,NA,NA
"712","관악구청","남부순환로165길","다목적",2,"08764","신사동"
"713","관악구청","문성로32가길","다목적",5,"08843","신원동"
"714","관악구청","신원로3길","다목적",4,"08774","신원동"
"715","관악구청","남부순환로168다길","다목적",5,"08773","신원동"
"716","관악구청","문성로30길","다목적",3,"08843","신원동"
"717","관악구청","남부순환로191가길","다목적",3,"08756","은천동"
"718","관악구청","국회단지9길","다목적",2,"08713","은천동"
"719","관악구청","양녕로7길","다목적",3,"08751","은천동"
"720","관악구청","인헌15길","다목적",5,"08796","인헌동"
"721","관악구청","인헌12길","다목적",4,"08797","인헌동"
"722","관악구청","조원로96","다목적",5,NA,NA
"723","관악구청","조원로18길","다목적",4,"08767","조원동"
"724","관악구청","조원로11길","다목적",3,"08700","조원동"
"725","관악구청","조원로71(조원초교)","다목적",5,NA,NA
"726","관악구청","중앙1가길","다목적",2,"08745","중앙동"
"727","관악구청","중앙1가길","다목적",2,"08745","중앙동"
"728","관악구청","양녕로30(신봉초교)","다목적",5,NA,NA
"729","관악구청","남부순환로202길","다목적",5,"08782","청룡동"
"730","관악구청","관악로11가길","다목적",4,"08832","청룡동"
"731","관악구청","남부순환로1744-1","다목적",6,NA,NA
"732","관악구청","청림5가길","다목적",4,"08731","청림동"
"733","관악구청","청림3라길","다목적",4,"08731","청림동"
"734","관악구청","행운2길","다목적",5,"08742","행운동"
"735","관악구청","행운4길","다목적",2,"08741","행운동"
"736","관악구청","행운1나길","다목적",4,"08737","행운동"
"737","관악구청","행운1길","다목적",5,"08737","행운동"
"738","관악구청","참숯1길","다목적",4,"08829","청룡동"
"739","관악구청","쑥고개로2다길","다목적",3,"08829","서림동"
"740","관악구청","쑥고개로2라길","다목적",4,"08829","서림동"
"741","관악구청","서림1길","다목적",3,"08829","서림동"
"742","관악구청","복은길","다목적",3,"08835","서림동"
"743","관악구청","호암로18길","다목적",5,"08821","삼성동"
"744","관악구청","인헌6길","다목적",4,"08797","인헌동"
"745","관악구청","남부순환로234길","다목적",5,"08789","낙성대동"
"746","관악구청","남부순환로226길","다목적",3,"08788","낙성대동"
"747","관악구청","낙성대로20","다목적",4,NA,NA
"748","관악구청","법원단지26길","다목적",4,"08853","난곡동"
"749","관악구청","법원단지7길","다목적",5,"08852","난곡동"
"750","관악구청","난곡로18길","다목적",3,"08857","난곡동"
"751","관악구청","승방1길","다목적",2,"08808","남현동"
"752","관악구청","남현6길","다목적",3,"08804","남현동"
"753","관악구청","남현3길","다목적",4,"08806","남현동"
"754","관악구청","신림로75","다목적",4,NA,NA
"755","관악구청","호암로453","다목적",4,NA,NA
"756","관악구청","신림로23길","다목적",4,"08819","대학동"
"757","관악구청","난곡로44길","다목적",3,"08849","미성동"
"758","관악구청","난곡로39길","다목적",3,"08864","미성동"
"759","관악구청","난곡로39길","다목적",2,"08864","미성동"
"760","관악구청","미성길","다목적",4,"08866","미성동"
"761","관악구청","봉천로13길","다목적",4,"08721","보라매동"
"762","관악구청","은천로11-20","다목적",3,NA,NA
"763","관악구청","당곡6길","다목적",5,"08710","보라매동"
"764","관악구청","원신5길","다목적",3,"08846","삼성동"
"765","관악구청","대학길","다목적",5,"08818","대학동"
"766","관악구청","관천로128","다목적",5,NA,NA
"767","관악구청","신림로22길","다목적",3,"08839","서림동"
"768","관악구청","쑥고개로2길","다목적",4,"08829","서림동"
"769","관악구청","신림로211","다목적",3,NA,NA
"770","관악구청","신림로56길","다목적",4,"08778","서원동"
"771","관악구청","신림로58가길","다목적",3,"08778","서원동"
"772","관악구청","문성로38가길","다목적",5,"08843","신원동"
"773","관악구청","신림로263","다목적",3,NA,NA
"774","관악구청","관악로263","다목적",4,NA,NA
"775","관악구청","성현로53,벽산타운2차와구암중학교사이","다목적",3,NA,NA
"776","관악구청","성현로16맞은편","다목적",3,NA,NA
"777","관악구청","은천로179","다목적",5,NA,NA
"778","관악구청","봉천로256","다목적",5,NA,NA
"779","관악구청","신림로65길","다목적",5,"08759","신림동"
"780","관악구청","관천로70","다목적",3,NA,NA
"781","관악구청","남부순환로163가길","다목적",4,"08763","신사동"
"782","관악구청","관악로1","다목적",3,NA,NA
"783","관악구청","남부순환로155길","다목적",3,"08762","신사동"
"784","관악구청","법원단지길","다목적",2,"08850","미성동"
"785","관악구청","남현길","다목적",3,"08806","남현동"
"786","관악구청","남부순환로168다길","다목적",4,"08773","신원동"
"787","관악구청","봉천로310","다목적",5,NA,NA
"788","관악구청","남부순환로1932","다목적",4,NA,NA
"789","관악구청","인헌1길","다목적",5,"08795","인헌동"
"790","관악구청","인헌1다길","다목적",3,"08795","인헌동"
"791","관악구청","조원로12길","다목적",2,"08765","조원동"
"792","관악구청","조원중앙로1길","다목적",4,"08768","조원동"
"793","관악구청","시흥대로570","다목적",5,NA,NA
"794","관악구청","봉천로47길","다목적",5,"08745","중앙동"
"795","관악구청","중앙1나길","다목적",4,"08745","중앙동"
"796","관악구청","청룡2길","다목적",5,"08785","청룡동"
"797","관악구청","장군봉7길","다목적",3,"08784","청룡동"
"798","관악구청","관악로97뒷편","다목적",2,NA,NA
"799","관악구청","쑥고개로25","다목적",4,NA,NA
"800","관악구청","쑥고개로86","다목적",5,NA,NA
"801","관악구청","관악로30길","다목적",2,"08735","행운동"
"802","관악구청","관악로30길","다목적",3,"08735","행운동"
"803","관악구청","관악로30길","다목적",2,"08735","행운동"
"804","관악구청","관악로30길","다목적",3,"08735","행운동"
"805","관악구청","남부순환로247길","다목적",3,"08801","행운동"
"806","관악구청","행운1라길","다목적",3,"08736","행운동"
"807","관악구청","신림로11길","다목적",3,"08817","대학동"
"808","관악구청","난곡24바길","다목적",4,NA,NA
"809","관악구청","대학5길","다목적",4,"08814","대학동"
"810","관악구청","양지10길","다목적",3,"08846","삼성동"
"811","관악구청","봉천로221-9","다목적",3,NA,NA
"812","관악구청","봉천로237-7","다목적",3,NA,NA
"813","관악구청","국회단지12길","다목적",5,"08714","은천동"
"814","관악구청","봉천로33가길","다목적",4,"08752","은천동"
"815","관악구청","관악로37길","다목적",3,"08727","성현동"
"816","관악구청","관악로25길","다목적",5,"08744","중앙동"
"817","관악구청","양녕로5길","다목적",4,"08752","은천동"
"818","관악구청","관악로278278-1","다목적",4,NA,NA
"819","관악구청","행운1가길","다목적",4,"08736","행운동"
"820","관악구청","행운6길","다목적",4,"08741","행운동"
"821","관악구청","쑥고개로26길","다목적",3,"08832","청룡동"
"822","관악구청","청룡8길","다목적",3,"08784","청룡동"
"823","관악구청","봉천로582","다목적",5,NA,NA
"824","관악구청","관악로6길","다목적",3,"08791","낙성대동"
"825","관악구청","관악로16길","다목적",4,"08788","낙성대동"
"826","관악구청","낙성대역10길","다목적",4,"08798","인헌동"
"827","관악구청","인헌13길","다목적",5,"08796","인헌동"
"828","관악구청","남부순환로2062","다목적",5,NA,NA
"829","관악구청","남부순환로272길","다목적",4,"08806","남현동"
"830","관악구청","신림동","다목적",4,NA,"신림동"
"831","관악구청","관천로22길","다목적",4,"08706","신림동"
"832","관악구청","신사로12길","다목적",4,"08702","신사동"
"833","관악구청","신사로118-4","다목적",3,NA,NA
"834","관악구청","남부순환로141길","다목적",4,"08766","조원동"
"835","관악구청","조원로6길","다목적",4,"08769","조원동"
"836","관악구청","법원단지5나길","다목적",3,"08851","미성동"
"837","관악구청","미성5길","다목적",3,"08865","미성동"
"838","관악구청","난곡로35가길","다목적",5,"08858","난곡동"
"839","관악구청","난곡로122앞","다목적",4,NA,NA
"840","관악구청","난곡로99","다목적",4,NA,NA
"841","관악구청","난곡로108","다목적",3,NA,NA
"842","관악구청","서원10길","다목적",4,"08844","서원동"
"843","관악구청","서원7길","다목적",3,"08844","서원동"
"844","관악구청","남부순환로1620앞녹지","다목적",4,NA,NA
"845","관악구청","관천로40전주","다목적",3,NA,NA
"846","관악구청","남부순환로1590-24","다목적",3,NA,NA
"847","관악구청","문성로38나길","다목적",5,"08843","신원동"
"848","관악구청","문성로36길","다목적",3,"08843","신원동"
"849","관악구청","신림로26길","다목적",5,"08838","서림동"
"850","관악구청","복은4길","다목적",3,"08837","서림동"
"851","관악구청","원신2길","다목적",5,"08846","삼성동"
"852","관악구청","원신2길","다목적",5,"08846","삼성동"
"853","관악구청","신림로17길","다목적",3,"08819","대학동"
"854","관악구청","호암로26길","다목적",5,"08813","대학동"
"855","관악구청","대학14길","다목적",4,"08820","대학동"
"856","관악구청","신사로7","다목적",1,NA,NA
"857","관악구청","봉천로27길","다목적",1,"08749","은천동"
"858","관악구청","당곡길","다목적",1,"08710","보라매동"
"859","관악구청","신림동","다목적",1,NA,"신림동"
"860","관악구청","보라매로30","다목적",1,NA,NA
"861","관악구청","신림로301","다목적",1,NA,NA
"862","관악구청","신림로264","다목적",1,NA,NA
"863","관악구청","은천로93","다목적",1,NA,NA
"864","관악구청","난곡로327","다목적",1,NA,NA
"865","관악구청","난곡로297","다목적",1,NA,NA
"866","관악구청","난곡로269","다목적",1,NA,NA
"867","관악구청","난곡로213","다목적",1,NA,NA
"868","관악구청","난곡로24길","다목적",1,"08857","난곡동"
"869","관악구청","관악로6길","다목적",4,"08791","낙성대동"
"870","관악구청","신림로21길","다목적",4,"08819","대학동"
"871","관악구청","봉천로45길","다목적",4,"08748","중앙동"
"872","관악구청","청림3나길","다목적",5,"08732","청림동"
"873","관악구청","남부순환로247다길","다목적",4,"08801","행운동"
"874","관악구청","남현길","다목적",3,"08806","남현동"
"875","관악구청","봉천로23길","다목적",4,"08718","보라매동"
"876","관악구청","봉천로19길","다목적",4,"08720","보라매동"
"877","관악구청","남부순환로131가길","다목적",4,"08766","조원동"
"878","관악구청","남부순환로143가길","다목적",4,"08766","조원동"
"879","관악구청","봉천로33길","다목적",5,"08752","은천동"
"880","관악구청","국회단지18길","다목적",4,"08714","은천동"
"881","관악구청","인헌3나길","다목적",5,"08795","인헌동"
"882","관악구청","장군봉길","다목적",5,"08782","청룡동"
"883","관악구청","관천로27","다목적",3,NA,NA
"884","관악구청","난향6길","다목적",4,"08859","난향동"
"885","관악구청","법원단지5다길","다목적",5,"08851","미성동"
"886","관악구청","법원단지9길","다목적",4,"08852","난곡동"
"887","관악구청","신림로44다길","다목적",3,"08783","서원동"
"888","관악구청","신림로179","다목적",5,NA,NA
"889","관악구청","동마길9","다목적",4,NA,"동"
"890","관악구청","남부순환로216길","다목적",5,"08786","청룡동"
"891","관악구청","신사로12길","다목적",5,"08702","신사동"
"892","관악구청","난곡로10길","다목적",4,"08860","난향동"
"893","관악구청","쑥고개로2가길","다목적",4,"08829","서림동"
"894","관악구청","서림11가길","다목적",3,"08840","서림동"
"895","관악구청","방천길","다목적",3,"08846",""
"896","관악구청","신림로137","다목적",5,NA,NA
"897","관악구청","봉천로62길","다목적",4,"08789","낙성대동"
"898","관악구청","난우16길","다목적",4,"08850","미성동"
"899","관악구청","남부순환로2036","다목적",4,NA,NA
"900","관악구청","당곡2길","다목적",4,"08711","보라매동"
"901","관악구청","호암로358(산복터널앞)","다목적",1,NA,NA
"902","관악구청","남부순환로2030(사당초교육교)","다목적",4,NA,NA
"903","관악구청","남부순환로1440(금천경찰서맞은편)","다목적",4,NA,NA
"904","관악구청","성현로117(봉천초교육교)","다목적",4,NA,NA
"905","관악구청","관악로5길","다목적",11,"08833","청룡동"
"906","관악구청","남부순환로194길","다목적",11,"08779","서원동"
"907","관악구청","법원단지5라길","다목적",18,"08851","미성동"
"908","관악구청","국회단지길","다목적",13,"08714","은천동"
"909","관악구청","난곡로49길","다목적",4,"08864","미성동"
"910","관악구청","난곡로49길","다목적",1,"08864","미성동"
"911","관악구청","난곡로45길","다목적",4,"08864","미성동"
"912","관악구청","난곡로43길","다목적",3,"08864","미성동"
"913","관악구청","문성로28길","다목적",1,"08842","신원동"
"914","관악구청","남부순환로168길","다목적",2,"08774","신원동"
"915","관악구청","남부순환로168길","다목적",1,"08774","신원동"
"916","관악구청","남부순환로168길","다목적",1,"08774","신원동"
"917","관악구청","난곡로16가길","다목적",1,"08857","난곡동"
"918","관악구청","관천로99-1와관천로101","다목적",1,NA,NA
"919","관악구청","조원로20길","다목적",5,"08767","조원동"
"920","관악구청","관천로127와관천로23길","다목적",1,NA,NA
"921","관악구청","조원로21길","다목적",1,"08701","조원동"
"922","관악구청","남부순환로156길","다목적",1,"08773","미성동"
"923","관악구청","남부순환로156길","다목적",3,"08773","미성동"
"924","관악구청","남부순환로152길","다목적",1,"08773","미성동"
"925","관악구청","난곡로64길","다목적",3,"08772","미성동"
"926","관악구청","남부순환로152길","다목적",1,"08773","미성동"
"927","관악구청","인헌16나길","다목적",1,"08800","인헌동"
"928","관악구청","신림로58가길","다목적",1,"08778","서원동"
"929","관악구청","난곡로64길","다목적",1,"08772","미성동"
"930","관악구청","난곡로61길","다목적",3,"08771","미성동"
"931","관악구청","난곡로59길","다목적",1,"08771","미성동"
"932","관악구청","남부순환로144길","다목적",1,"08771","미성동"
"933","관악구청","남부순환로144길","다목적",5,"08771","미성동"
"934","관악구청","남부순환로142길","다목적",3,"08771","미성동"
"935","관악구청","남부순환로142길","다목적",4,"08771","미성동"
"936","관악구청","남부순환로154길","다목적",1,"08773","미성동"
"937","관악구청","신사로10길","다목적",4,"08702","신사동"
"938","관악구청","난곡로74길","다목적",3,"08705","신사동"
"939","관악구청","신사로10길","다목적",4,"08702","신사동"
"940","관악구청","난곡로74길","다목적",4,"08705","신사동"
"941","관악구청","신사로20길","다목적",1,"08703","신사동"
"942","관악구청","조원로31길","다목적",1,"08704","신사동"
"943","관악구청","관천로15길","다목적",1,"08704","신사동"
"944","관악구청","관천로25길","다목적",1,"08703","신사동"
"945","관악구청","조원로33길","다목적",1,"08704","신사동"
"946","관악구청","조원로143,신사동","다목적",2,NA,"조원로143,신사동"
"947","관악구청","신사로20길","다목적",3,"08703","신사동"
"948","관악구청","관천로115관천로21길","다목적",3,NA,NA
"949","관악구청","신사로12길","다목적",1,"08702","신사동"
"950","관악구청","남부순환로161나길","다목적",1,"08763","신사동"
"951","관악구청","남부순환로163길","다목적",3,"08763","신사동"
"952","관악구청","남부순환로163가길","다목적",3,"08763","신사동"
"953","관악구청","조원로67","다목적",1,NA,NA
"954","관악구청","조원로13길","다목적",1,"08701","조원동"
"955","관악구청","조원로19길","다목적",3,"08701","조원동"
"956","관악구청","조원로13길","다목적",1,"08701","조원동"
"957","관악구청","조원로13길","다목적",5,"08701","조원동"
"958","관악구청","조원로13길","다목적",1,"08701","조원동"
"959","관악구청","신사로82,아데나아파트부근","다목적",3,NA,NA
"960","관악구청","난곡로75길","다목적",4,"08701","조원동"
"961","관악구청","조원로16길","다목적",1,"08767","조원동"
"962","관악구청","신사로34","다목적",3,NA,NA
"963","관악구청","조원로14길","다목적",4,"08766","조원동"
"964","관악구청","남부순환로1435","다목적",1,NA,NA
"965","관악구청","관천로15길","다목적",3,"08704","신사동"
"966","관악구청","신사로20길","다목적",2,"08703","신사동"
"967","관악구청","관천로11길","다목적",3,"08762","신사동"
"968","관악구청","남부순환로157길","다목적",3,"08762","신사동"
"969","관악구청","남부순롼로153길","다목적",1,NA,NA
"970","관악구청","남부순환로153길","다목적",3,"08762","신사동"
"971","관악구청","남부순환로172길","다목적",5,"08773","신원동"
"972","관악구청","서림3길","다목적",5,"08840","서림동"
"973","관악구청","은천로35길","다목적",5,"08728","성현동"
"974","관악구청","봉천로49길","다목적",5,"08745","중앙동"
"975","관악구청","신림로23길","다목적",5,"08819","대학동"
"976","관악구청","남부순환로245길","다목적",5,"08801","행운동"
"977","관악구청","참숯길","다목적",5,"08830","청룡동"
"978","관악구청","관악로14나길","다목적",5,"08790","낙성대동"
"979","관악구청","인헌15길","다목적",5,"08796","인헌동"
"980","관악구청","서원길","다목적",5,"08844","서원동"
"981","관악구청","신림로68길","다목적",5,"08753","신림동"
"982","관악구청","신사로10길","다목적",5,"08702","신사동"
"983","관악구청","시흥대로164길","다목적",5,"08768","조원동"
"984","관악구청","법원단지5다길","다목적",5,"08851","미성동"
"985","관악구청","승방길","다목적",4,"08807","남현동"
"986","관악구청","법원단지25길","다목적",5,"08852","난곡동"
"987","관악구청","법원단지24길","다목적",5,"08853","난곡동"
"988","관악구청","난곡로11가길","다목적",4,"08859","난향동"
"989","관악구청","난우10가길","다목적",5,"08850","미성동"
"990","관악구청","봉천로23바길","다목적",4,"08718","보라매동"
"991","관악구청","양산길","다목적",6,"08846","서림동"
"992","관악구청","호암로18가길","다목적",4,"08821","삼성동"
"993","관악구청","은천로35라길","다목적",4,"08728","성현동"
"994","관악구청","국회단지길","다목적",5,"08714","은천동"
"995","관악구청","봉천로33가길","다목적",4,"08752","은천동"
"996","관악구청","장군봉6길","다목적",5,"08782","청룡동"
"997","관악구청","청림2길","다목적",4,"08733","청림동"
"998","관악구청","봉천로13나길","다목적",5,"08720","보라매동"
"999","관악구청","국회단지17길","다목적",4,"08713","은천동"
"1000","관악구청","은천로25길","다목적",4,"08729","성현동"
"1001","관악구청","봉천로43길","다목적",4,"08748","중앙동"
"1002","관악구청","청림3길","다목적",4,"08732","청림동"
"1003","관악구청","행운10길","다목적",4,"08735","행운동"
"1004","관악구청","장군봉6길","다목적",4,"08782","청룡동"
"1005","관악구청","청룡중앙길","다목적",4,"08832","청룡동"
"1006","관악구청","관악로14길","다목적",4,"08788","낙성대동"
"1007","관악구청","낙성대로3길","다목적",4,"08799","낙성대동"
"1008","관악구청","인헌9길","다목적",5,"08795","인헌동"
"1009","관악구청","승방7길","다목적",5,"08808","남현동"
"1010","관악구청","신림로350","다목적",4,NA,NA
"1011","관악구청","관천로19길","다목적",5,"08704","신사동"
"1012","관악구청","남부순환로141길","다목적",4,"08766","조원동"
"1013","관악구청","난곡로51길","다목적",4,"08771","미성동"
"1014","관악구청","법원단지5길","다목적",4,"08850","미성동"
"1015","관악구청","법원단지길","다목적",5,"08850","미성동"
"1016","관악구청","난향5길","다목적",5,"08859","난향동"
"1017","관악구청","남부순환로194길","다목적",4,"08779","서원동"
"1018","관악구청","남부순환로168가길","다목적",4,"08774","신원동"
"1019","관악구청","신림로8길","다목적",4,"08839","서림동"
"1020","관악구청","청룡길","다목적",4,"08785","청룡동"
"1021","관악구청","원신길","다목적",4,"08848","삼성동"
"1022","관악구청","대학10길","다목적",4,"08819","대학동"
"1023","관악구청","국회단지15길","다목적",2,"08713","은천동"
"1024","관악구청","신림로59길","다목적",4,"08776","서원동"
"1025","관악구청","관천로56","다목적",1,NA,NA
"1026","관악구청","복은14길","다목적",4,"08834","서림동"
"1027","관악구청","신림로22길","다목적",3,"08839","서림동"
"1028","관악구청","신림로7나길","다목적",3,"08814","대학동"
"1029","관악구청","남부순환로245길","다목적",1,"08801","행운동"
"1030","관악구청","낙성대역18길","다목적",2,"08797","인헌동"
"1031","관악구청","솔밭로7길","다목적",2,"08741","행운동"
"1032","관악구청","남부순환로247다길","다목적",2,"08801","행운동"
"1033","관악구청","난곡로30길","다목적",3,"08854","난곡동"
"1034","관악구청","난곡로24길","다목적",2,"08857","난곡동"
"1035","관악구청","법원단지18길","다목적",3,"08853","난곡동"
"1036","관악구청","신림로66길","다목적",2,"08754","신림동"
"1037","관악구청","봉천로13나길","다목적",2,"08720","보라매동"
"1038","관악구청","신림동","다목적",2,NA,"신림동"
"1039","관악구청","법원단지3길","다목적",3,"08850","미성동"
"1040","관악구청","미성5길","다목적",3,"08865","미성동"
"1041","관악구청","중앙2길","다목적",2,"08744","중앙동"
"1042","관악구청","중앙1가길","다목적",3,"08745","중앙동"
"1043","관악구청","은천로28가길","다목적",3,"08743","중앙동"
"1044","관악구청","신림로53가길","다목적",2,"08775","신원동"
"1045","관악구청","남부순환로170길","다목적",4,"08774","신원동"
"1046","관악구청","신사로140-1","다목적",3,NA,NA
"1047","관악구청","관천로135","다목적",3,NA,NA
"1048","관악구청","남현4길","다목적",2,"08805","남현동"
"1049","관악구청","남부순환로2014","다목적",2,NA,NA
"1050","관악구청","승방6길","다목적",2,"08807","남현동"
"1051","관악구청","관악로145,관악구청","다목적",2,NA,NA
"1052","관악구청","신림로23(관악산공영주차장)","다목적",3,NA,NA
"1053","관악구청","관천로98","다목적",86,NA,NA
"1054","관악구청","조원중앙로2길","다목적",39,"08766","조원동"
"1055","관악구청","봉천로21길","다목적",63,"08719","보라매동"
"1056","관악구청","행운4길","다목적",30,"08741","행운동"
"1057","관악구청","난곡로34길","다목적",53,"08854","난곡동"
"1058","관악구청","남부순환로153길","다목적",23,"08762","신사동"
"1059","관악구청","양지길","다목적",61,"08846","삼성동"
"1060","관악구청","난우10가길","다목적",16,"08850","미성동"
"1061","관악구청","난곡로16길","다목적",9,"08857","난곡동"
"1062","관악구청","봉천로13길","다목적",32,"08721","보라매동"
"1063","관악구청","남현1길","다목적",2,"08806","남현동"
"1064","관악구청","신림로59길","다목적",3,"08776","서원동"
"1065","관악구청","남부순환로163길","다목적",17,"08763","신사동"
"1066","관악구청","청룡중앙길","다목적",2,"08832","청룡동"
"1067","관악구청","남현길","다목적",4,"08806","남현동"
"1068","관악구청","남부순환로172길","다목적",2,"08773","신원동"
"1069","관악구청","남부순환로159길","다목적",2,"08762","신사동"
"1070","관악구청","조원로6길","다목적",2,"08769","조원동"
"1071","관악구청","난곡로63가길","다목적",3,"08771","미성동"
"1072","관악구청","난곡로74길","다목적",7,"08705","신사동"
"1073","관악구청","낙성대로40","다목적",25,NA,NA
"1074","관악구청","약수암길","다목적",10,"08823","삼성동"
"1075","관악구청","문성로16다길","다목적",13,"08863","서림동"
"1076","관악구청","청룡4길","다목적",28,"08785","청룡동"
"1077","관악구청","신림로370,희망찬안과부근","다목적",5,NA,NA
"1078","관악구청","신원로26,동","다목적",5,NA,"신원로26,동"
"1079","관악구청","난곡로220,세이브마트부근","다목적",5,NA,NA
"1080","관악구청","신원로35,삼모스포렉스부근","다목적",3,NA,NA
"1081","관악구청","쑥고개로53,으뜸한의원부근","다목적",3,NA,NA
"1082","관악구청","신림로3가길","다목적",4,"08814","대학동"
"1083","관악구청","신림로327,신림역3번출구부근","다목적",5,NA,NA
"1084","관악구청","남부순환로1597,신림역5번출구부근","다목적",5,NA,NA
"1085","관악구청","신림로220","다목적",5,NA,NA
"1086","관악구청","과천대로953,사당역5번출구부근","다목적",5,NA,NA
"1087","관악구청","양녕로41-1,현대시장부근","다목적",3,NA,NA
"1088","관악구청","신사로110,구슬공주,지구대부근","다목적",3,NA,NA
"1089","관악구청","은천로24,봉일시장부근","다목적",3,NA,NA
"1090","관악구청","난곡로34길","다목적",4,"08854","난곡동"
"1091","관악구청","신림로105,CU편의점부근","다목적",5,NA,NA
"1092","관악구청","난곡로357,신대방역난곡방향부근","다목적",3,NA,NA
"1093","관악구청","남현1길","다목적",5,"08806","남현동"
"1094","관악구청","낙성대로29,인헌초교부근","다목적",4,NA,NA
"1095","관악구청","인헌길","다목적",3,"08793","인헌동"
"1096","관악구청","봉천로604-1,CU편의점부근","다목적",3,NA,NA
"1097","관악구청","문성로217,CU편의점부근","다목적",5,NA,NA
"1098","관악구청","조원로123,갈보리교회부근","다목적",3,NA,NA
"1099","관악구청","난우길","다목적",4,"08849","미성동"
"1100","관악구청","조원중앙로11,BS빌딩부근","다목적",3,NA,NA
"1101","관악구청","호암로24길","다목적",5,"08813","대학동"
"1102","관악구청","문성로86,라이프아파트부근","다목적",3,NA,NA
"1103","관악구청","인헌6길","다목적",4,"08797","인헌동"
"1104","관악구청","남부순환로1430,신림푸르지오부근","다목적",3,NA,NA
"1105","관악구청","남현1길","다목적",4,"08806","남현동"
"1106","관악구청","신림로318,청암두산위브아파트부근","다목적",3,NA,NA
"1107","관악구청","은천로110,더불유에스타워부근","다목적",5,NA,NA
"1108","관악구청","신원로26,신림동","다목적",4,NA,"신원로26,신림동"
"1109","관악구청","남부순환로1575,봉림교부근","다목적",4,NA,NA
"1110","관악구청","관악로216,동","다목적",5,NA,"관악로216,동"
"1111","관악구청","관악로217,동","다목적",5,NA,"관악로217,동"
"1112","관악구청","관악로165,서울대입구역3번출구부근","다목적",3,NA,NA
"1113","관악구청","시흥대로572,우신병원코너부근","다목적",4,NA,NA
"1114","관악구청","봉천로481,장수집맞은편부근","다목적",4,NA,NA
"1115","관악구청","봉천로330-1,금오적재함부근","다목적",3,NA,NA
"1116","관악구청","봉천로214,LG전자서비스센터부근","다목적",4,NA,NA
"1117","관악구청","난곡로133,느티나무공원부근","다목적",5,NA,NA
"1118","관악구청","난곡로109,신림종합복지관건너편부근","다목적",3,NA,NA
"1119","관악구청","조원로24,예수비전교회부근","다목적",3,NA,NA
"1120","관악구청","남부순환로1588,올포유부근","다목적",4,NA,NA
"1121","관악구청","은천로152","다목적",2,NA,NA
"1122","관악구청","은천로118","다목적",2,NA,NA
"1123","관악구청","신림로85","다목적",2,NA,NA
"1124","관악구청","승방길","다목적",1,"08807","남현동"
"1125","관악구청","승방7길","다목적",1,"08808","남현동"
"1126","관악구청","남현길","다목적",1,"08806","남현동"
"1127","관악구청","남부순환로256나길","다목적",1,"08803","남현동"
"1128","관악구청","남부순환로260길","다목적",1,"08803","남현동"
"1129","관악구청","인헌9길","다목적",1,"08795","인헌동"
"1130","관악구청","인헌16가길","다목적",4,"08800","인헌동"
"1131","관악구청","인헌16길","다목적",1,"08797","인헌동"
"1132","관악구청","낙성대역8길","다목적",1,"08799","인헌동"
"1133","관악구청","낙성대역길","다목적",1,"08793","인헌동"
"1134","관악구청","낙성대역3길","다목적",1,"08793","인헌동"
"1135","관악구청","관악로24가길","다목적",1,"08736","행운동"
"1136","관악구청","관악로6길","다목적",1,"08791","낙성대동"
"1137","관악구청","관천로98","다목적",4,NA,NA
"1138","관악구청","신림동","다목적",1,NA,"신림동"
"1139","관악구청","당곡2길","다목적",1,"08711","보라매동"
"1140","관악구청","봉천로13길","다목적",1,"08721","보라매동"
"1141","관악구청","봉천로17길","다목적",1,"08720","보라매동"
"1142","관악구청","봉천로23마길","다목적",1,"08719","보라매동"
"1143","관악구청","국회단지2길","다목적",1,"08716","은천동"
"1144","관악구청","국회단지23길","다목적",1,"08713","은천동"
"1145","관악구청","국회단지22길","다목적",2,"08714","은천동"
"1146","관악구청","국회단지16길","다목적",1,"08714","은천동"
"1147","관악구청","청림3길","다목적",5,"08732","청림동"
"1148","관악구청","청림3길","다목적",1,"08732","청림동"
"1149","관악구청","은천로39길","다목적",3,"08726","성현동"
"1150","관악구청","은천로35길","다목적",1,"08728","성현동"
"1151","관악구청","은천로36길","다목적",1,"08744","중앙동"
"1152","관악구청","은천로118","다목적",6,NA,NA
"1153","관악구청","구암길","다목적",1,"08725","성현동"
"1154","관악구청","봉천로47길","다목적",1,"08745","중앙동"
"1155","관악구청","중앙길","다목적",5,"08743","중앙동"
"1156","관악구청","행운1길","다목적",5,"08737","행운동"
"1157","관악구청","관악로24가길","다목적",1,"08736","행운동"
"1158","관악구청","남부순환로237길","다목적",5,"08742","행운동"
"1159","관악구청","솔밭로14","다목적",5,NA,NA
"1160","관악구청","솔밭로2길","다목적",3,"08801","행운동"
"1161","관악구청","남부순환로1969","다목적",3,NA,NA
"1162","관악구청","남부순환로165길","다목적",1,"08764","신사동"
"1163","관악구청","관천로11길","다목적",1,"08762","신사동"
"1164","관악구청","남부순환로165길","다목적",1,"08764","신사동"
"1165","관악구청","남부순환로161길","다목적",3,"08763","신사동"
"1166","관악구청","난곡로74길","다목적",1,"08705","신사동"
"1167","관악구청","남부순환로151길","다목적",3,"08762","신사동"
"1168","관악구청","신사로14길","다목적",1,"08702","신사동"
"1169","관악구청","조원로10길","다목적",5,"08769","조원동"
"1170","관악구청","조원중앙로1길","다목적",3,"08768","조원동"
"1171","관악구청","조원로16길","다목적",3,"08767","조원동"
"1172","관악구청","조원로20길","다목적",1,"08767","조원동"
"1173","관악구청","신원로3다길","다목적",3,"08774","신원동"
"1174","관악구청","남부순환로170길","다목적",4,"08774","신원동"
"1175","관악구청","남부순환로180길","다목적",1,"08777","서원동"
"1176","관악구청","남부순환로194길","다목적",1,"08779","서원동"
"1177","관악구청","신림로50길","다목적",1,"08778","서원동"
"1178","관악구청","신림로46길","다목적",1,"08781","서원동"
"1179","관악구청","쑥고개로3길","다목적",1,"08783","서원동"
"1180","관악구청","장군봉5길","다목적",1,"08784","청룡동"
"1181","관악구청","장군봉2길","다목적",4,"08782","청룡동"
"1182","관악구청","인헌1나길","다목적",4,"08795","인헌동"
"1183","관악구청","청룡7길","다목적",1,"08786","청룡동"
"1184","관악구청","쑥고개로114-2,GS슈퍼맞은편부근","다목적",4,NA,NA
"1185","관악구청","청룡11길","다목적",1,"08832","청룡동"
"1186","관악구청","신림로11길","다목적",3,"08817","대학동"
"1187","관악구청","대학14길","다목적",1,"08820","대학동"
"1188","관악구청","대학12길","다목적",4,"08820","대학동"
"1189","관악구청","양산길","다목적",4,"08846","서림동"
"1190","관악구청","호암로20길","다목적",1,"08820","대학동"
"1191","관악구청","원신길","다목적",1,"08848","삼성동"
"1192","관악구청","난곡로55,관악산휴먼시아2단지부근","다목적",3,NA,NA
"1193","관악구청","원신길","다목적",5,"08848","삼성동"
"1194","관악구청","양지13길","다목적",1,"08846",""
"1195","관악구청","원신3길","다목적",1,"08846",""
"1196","관악구청","양지9길","다목적",1,"08846",""
"1197","관악구청","난곡로24나길","다목적",2,"08856","난곡동"
"1198","관악구청","난향길","다목적",3,"08859","난향동"
"1199","관악구청","난곡로30길","다목적",1,"08854","난곡동"
"1200","관악구청","난곡로34길","다목적",3,"08854","난곡동"
"1201","관악구청","법원단지14길","다목적",1,"08853","난곡동"
"1202","관악구청","법원단지10길","다목적",1,"08853","난곡동"
"1203","관악구청","난곡로35라길","다목적",1,"08858","난곡동"
"1204","관악구청","미성길","다목적",2,"08866","미성동"
"1205","관악구청","난곡로46길","다목적",1,"08849","미성동"
"1206","관악구청","난우10길","다목적",1,"08850","미성동"
"1207","관악구청","문성로38가길","다목적",1,"08843","신원동"
"1208","관악구청","문성로29길","다목적",1,"08774","신원동"
"1209","관악구청","문성로25길","다목적",1,"08774","신원동"
"1210","관악구청","신림로31길","다목적",1,"08845","서림동"
"1211","관악구청","복은길","다목적",1,"08835","서림동"
"1212","관악구청","서림7길","다목적",1,"08840","서림동"
"1213","관악구청","서림길","다목적",1,"08828","서림동"
"1214","관악구청","남부순환로1665-28","다목적",3,NA,NA
"1215","관악구청","남부순환로1725,삼성전자부근","다목적",1,NA,NA
"1216","관악구청","남부순환로1665-28","다목적",3,NA,NA
"1217","관악구청","봉천로27길","다목적",2,"08749","은천동"
"1218","관악구청","봉천로27길","다목적",1,"08749","은천동"
"1219","관악구청","봉천로29길","다목적",1,"08750","은천동"
"1220","관악구청","봉천로33나길","다목적",1,"08750","은천동"
"1221","관악구청","봉천로33길","다목적",1,"08752","은천동"
"1222","관악구청","봉천로35길","다목적",4,"08752","은천동"
"1223","관악구청","양녕로29","다목적",1,NA,NA
"1224","관악구청","당곡6길","다목적",3,"08710","보라매동"
"1225","관악구청","보라매로6길","다목적",2,"08709","보라매동"
"1226","관악구청","당곡6다길","다목적",1,"08709","보라매동"
"1227","관악구청","당곡6길","다목적",2,"08710","보라매동"
"1228","관악구청","당곡6나길","다목적",3,"08710","보라매동"
"1229","관악구청","보라매로2길","다목적",3,"08722","보라매동"
"1230","관악구청","봉천로13가길","다목적",1,"08720","보라매동"
"1231","관악구청","봉천로13길","다목적",1,"08721","보라매동"
"1232","관악구청","봉천로17길","다목적",1,"08720","보라매동"
"1233","관악구청","봉천로17가길","다목적",3,"08720","보라매동"
"1234","관악구청","봉천로21길","다목적",4,"08719","보라매동"
"1235","관악구청","봉천로23길","다목적",1,"08718","보라매동"
"1236","관악구청","봉천로23길","다목적",3,"08718","보라매동"
"1237","관악구청","은천로5길","다목적",1,"08717","보라매동"
"1238","관악구청","봉천로2길","다목적",4,"08706","신림동"
"1239","관악구청","관천로22길","다목적",4,"08706","신림동"
"1240","관악구청","관천로18길","다목적",5,"08706","신림동"
"1241","관악구청","관천로24길","다목적",5,"08706","신림동"
"1242","관악구청","관천로12길","다목적",1,"08760","신림동"
"1243","관악구청","봉천로6길","다목적",1,"08706","신림동"
"1244","관악구청","봉천로8길","다목적",1,"08707","신림동"
"1245","관악구청","신림동","다목적",4,NA,"신림동"
"1246","관악구청","신림동","다목적",1,NA,"신림동"
"1247","관악구청","봉천로20길","다목적",2,"08754","신림동"
"1248","관악구청","관천로54-1","다목적",3,NA,NA
"1249","관악구청","남부순환로1607,신림역5번출구부근","다목적",5,NA,NA
"1250","관악구청","신림로347","다목적",5,NA,NA
"1251","관악구청","봉천로18길","다목적",1,"08753","신림동"
"1252","관악구청","신림로360-1","다목적",3,NA,NA
"1253","관악구청","신림동","다목적",3,NA,"신림동"
"1254","관악구청","당곡4길","다목적",1,"08710","보라매동"
"1255","관악구청","국회단지길","다목적",5,"08714","은천동"
"1256","관악구청","은천로28가길","다목적",1,"08743","중앙동"
"1257","관악구청","관악로274","다목적",7,NA,NA
"1258","관악구청","행운5길","다목적",1,"08740","행운동"
"1259","관악구청","관악로28길","다목적",1,"08736","행운동"
"1260","관악구청","청룡1길","다목적",5,"08786","청룡동"
"1261","관악구청","청룡4길","다목적",5,"08785","청룡동"
"1262","관악구청","봉천로536","다목적",4,NA,NA
"1263","관악구청","인헌길","다목적",1,"08793","인헌동"
"1264","관악구청","승방길","다목적",5,"08807","남현동"
"1265","관악구청","남부순롼로163길","다목적",4,NA,NA
"1266","관악구청","남부순환로131길","다목적",1,"08766","조원동"
"1267","관악구청","조원로2길","다목적",5,"08768","조원동"
"1268","관악구청","법원단지5다길","다목적",3,"08851","미성동"
"1269","관악구청","난곡로26길","다목적",1,"08846","삼성동"
"1270","관악구청","난곡로16길","다목적",2,"08857","난곡동"
"1271","관악구청","신림로58길","다목적",4,"08778","서원동"
"1272","관악구청","남부순환로168길","다목적",1,"08774","신원동"
"1273","관악구청","남부순환로172길","다목적",2,"08773","신원동"
"1274","관악구청","서림1길","다목적",1,"08829","서림동"
"1275","관악구청","양지8길","다목적",1,"08846",""
"1276","관악구청","난곡로26길","다목적",1,"08846","삼성동"
"1277","관악구청","호암로26길","다목적",5,"08813","대학동"
"1278","관악구청","원신10길","다목적",1,"08848",""
"1279","관악구청","호암로465(무허가번지)","다목적",1,NA,NA
"1280","관악구청","청룡4길","다목적",4,"08785","청룡동"
"1281","관악구청","구암초교회전(구암길","다목적",3,NA,NA
"1282","관악구청","난곡로35길","다목적",4,"08858","난곡동"
"1283","관악구청","난우길","다목적",4,"08849","미성동"
"1284","관악구청","난향길","다목적",4,"08859","난향동"
"1285","관악구청","남부순환로163길","다목적",2,"08763","신사동"
"1286","관악구청","보라매로2길","다목적",5,"08722","보라매동"
"1287","관악구청","문성로79,미성초등학교부근","다목적",4,NA,NA
"1288","관악구청","행운1라길","다목적",3,"08736","행운동"
"1289","관악구청","행운5길","다목적",3,"08740","행운동"
"1290","관악구청","성현로117,봉현초교부근","다목적",4,NA,NA
"1291","관악구청","남현4길","다목적",4,"08805","남현동"
"1292","관악구청","대학7길","다목적",3,"08818","대학동"
"1293","관악구청","문성로28길","다목적",4,"08842","신원동"
"1294","관악구청","양녕로6나길","다목적",4,"08746","중앙동"
"1295","관악구청","신림로114,신성초교부근","다목적",5,NA,NA
"1296","관악구청","호암로494,신우초교부근","다목적",3,NA,NA
"1297","관악구청","봉천로505,원당초교부근","다목적",4,NA,NA
"1298","관악구청","광신길","다목적",3,"08848","삼성동"
"1299","관악구청","광신1길","다목적",3,"08846","삼성동"
"1300","관악구청","국회단지4길","다목적",2,"08716","은천동"
"1301","관악구청","낙성대로23,인헌초교부근","다목적",3,NA,NA
"1302","관악구청","조원로67,조원초교부근","다목적",5,NA,NA
"1303","관악구청","관악로5길","다목적",4,"08833","청룡동"
"1304","관악구청","봉천로23길","다목적",1,"08718","보라매동"
"1305","관악구청","봉천로303-8","다목적",2,NA,NA
"1306","관악구청","봉천로356","다목적",2,NA,NA
"1307","관악구청","청림2길","다목적",3,"08733","청림동"
"1308","관악구청","인헌길","다목적",4,"08793","인헌동"
"1309","관악구청","양지길","다목적",2,"08846","삼성동"
"1310","관악구청","관악로12길","다목적",1,"08790","낙성대동"
"1311","관악구청","인헌9길","다목적",1,"08795","인헌동"
"1312","관악구청","신림로65길","다목적",3,"08759","신림동"
"1313","관악구청","관천로12길","다목적",4,"08760","신림동"
"1314","관악구청","남부순환로163나길","다목적",1,"08763","신사동"
"1315","관악구청","남부순환로143길","다목적",2,"08766","조원동"
"1316","관악구청","문성로16가길","다목적",2,"08864","미성동"
"1317","관악구청","난곡로22길","다목적",2,"08857","난곡동"
"1318","관악구청","난곡로26길","다목적",4,"08846","삼성동"
"1319","관악구청","남부순환로160길","다목적",2,"08773","신원동"
"1320","관악구청","신림로31가길","다목적",2,"08845","서림동"
"1321","관악구청","신림로11길","다목적",3,"08817","대학동"
"1322","관악구청","봉천로23다길","다목적",1,"08718","보라매동"
"1323","관악구청","난곡로367(신대방역맞은편신호등주)","다목적",3,NA,NA
"1324","관악구청","남부순환로198길","다목적",2,"08780","서원동"
"1325","관악구청","남부순환로272길","다목적",3,"08806","남현동"
"1326","관악구청","신림로46길","다목적",1,"08781","서원동"
"1327","관악구청","남부순환로1430","다목적",2,NA,NA
"1328","관악구청","중앙1길","다목적",2,"08745","중앙동"
"1329","관악구청","남부순환로231길","다목적",3,"08740","행운동"
"1330","관악구청","남부순환로154길","다목적",1,"08773","미성동"
"1331","관악구청","양지길","다목적",4,"08846","삼성동"
"1332","관악구청","은천로19길","다목적",1,"08729","성현동"
"1333","관악구청","솔밭로2길","다목적",2,"08801","행운동"
"1334","관악구청","은천로23길","다목적",3,"08729","성현동"
"1335","관악구청","봉천로23다길","다목적",4,"08718","보라매동"
"1336","관악구청","봉천로27길","다목적",3,"08749","은천동"
"1337","관악구청","난곡로370(신대방역맞은편신호등주)","다목적",3,NA,NA
"1338","관악구청","인헌3가길","다목적",5,"08795","인헌동"
"1339","관악구청","봉천로20길","다목적",1,"08754","신림동"
"1340","관악구청","봉천로58길","다목적",3,"08789","낙성대동"
"1341","관악구청","호암로16길","다목적",2,"08821","삼성동"
"1342","관악구청","신림로28길","다목적",3,"08838","서림동"
"1343","관악구청","장군봉11길","다목적",5,"08784","청룡동"
"1344","관악구청","남부순환로172길","다목적",4,"08773","신원동"
"1345","관악구청","국회단지2길","다목적",2,"08716","은천동"
"1346","관악구청","은천로5길","다목적",2,"08717","보라매동"
"1347","관악구청","난곡로26다길","다목적",2,"08855","난곡동"
"1348","관악구청","난곡로66길","다목적",2,"08761","신사동"
"1349","관악구청","장군봉4길","다목적",4,"08782","청룡동"
"1350","관악구청","난곡로63가길","다목적",3,"08771","미성동"
"1351","관악구청","행운1길","다목적",3,"08737","행운동"
"1352","관악구청","은천로39길","다목적",1,"08726","성현동"
"1353","관악구청","난곡로34가길","다목적",4,"08853","난곡동"
"1354","관악구청","봉천로45길","다목적",2,"08748","중앙동"
"1355","관악구청","행운2길","다목적",1,"08742","행운동"
"1356","관악구청","낙성대역3길","다목적",2,"08793","인헌동"
"1357","관악구청","난곡로31길","다목적",3,"08858","난곡동"
"1358","관악구청","난곡로35길","다목적",1,"08858","난곡동"
"1359","관악구청","원신길","다목적",3,"08848","삼성동"
"1360","관악구청","신림로18가길","다목적",1,"08838","서림동"
"1361","관악구청","신림로28길","다목적",1,"08838","서림동"
"1362","관악구청","양녕로2가길","다목적",4,"08747","중앙동"
"1363","관악구청","양녕로2가길","다목적",4,"08747","중앙동"
"1364","관악구청","난곡동","다목적",1,NA,"난곡동"
"1365","관악구청","신림동","다목적",3,NA,"신림동"
"1366","관악구청","신림로67길","다목적",4,"08760","신림동"
"1367","관악구청","대학18길","다목적",2,"08820","대학동"
"1368","관악구청","대학18길","다목적",1,"08820","대학동"
"1369","관악구청","난곡로24가길","다목적",3,"08856","난곡동"
"1370","관악구청","난곡로24가길","다목적",1,"08856","난곡동"
"1371","관악구청","난곡로26길","다목적",1,"08846","삼성동"
"1372","관악구청","난곡로26길","다목적",2,"08846","삼성동"
"1373","관악구청","은천로2길","다목적",2,"08749","은천동"
"1374","관악구청","봉천로327-3","다목적",3,NA,NA
"1375","관악구청","봉천로13길","다목적",4,"08721","보라매동"
"1376","관악구청","봉천로13길","다목적",2,"08721","보라매동"
"1377","관악구청","당곡2길","다목적",3,"08711","보라매동"
"1378","관악구청","신림로48길","다목적",3,"08781","서원동"
"1379","관악구청","신림로48길","다목적",2,"08781","서원동"
"1380","관악구청","봉천로331-8","다목적",3,NA,NA
